id,first_name,last_name,signup_date
1,Mike,Carter,2020-06-12
2,John,Casey,2020-03-18
3,Maria,Morris,2020-04-06
4,Kelsey,Johnston,2020-06-17
5,Edwin,Kelley,2020-05-30
6,Annabella,Perkins,2020-06-12
7,Jessica,Farrell,2020-06-12
8,Gianna,Ross,2020-08-27
9,Eddy,Tucker,2020-03-30
10,Frederick,Adams,2020-04-08
11,Amelia,Casey,2020-08-11
12,Adele,Lloyd,2020-08-06
13,Tiana,Sullivan,2020-06-17
14,Edgar,Adams,2020-03-07
15,Chelsea,Carroll,2020-09-02
16,Olivia,Miller,2020-04-05
17,Eleanor,Anderson,2020-05-21
18,Harold,Cole,2020-06-27
19,Alina,Andrews,2020-09-10
20,William,Spencer,2020-03-24
21,Sofia,Harrison,2020-05-12
22,Alford,Ferguson,2020-09-02
23,Briony,Stevens,2020-03-16
24,Ned,Ryan,2020-03-22
25,Sofia,Kelly,2020-08-27
26,Maria,Warren,2020-09-14
27,Adison,Wright,2020-05-28
28,Lucia,Stewart,2020-03-06
29,Lucy,Mitchell,2020-03-19
30,Adrianna,Stevens,2020-09-06
31,Lydia,Morris,2020-08-30
32,Dominik,Dixon,2020-08-06
33,Stuart,Morris,2020-08-17
34,Maddie,Cole,2020-05-28
35,Adelaide,Wells,2020-07-17
36,Eddy,Brooks,2020-06-01
37,Alexia,Holmes,2020-08-10
38,Lydia,Barnes,2020-06-13
39,Freddie,Thomas,2020-05-29
40,Tiana,Barrett,2020-08-14
41,Sam,Alexander,2020-05-04
42,Dale,Carter,2020-05-03
43,Heather,Clark,2020-03-22
44,Vivian,Johnson,2020-05-15
45,Sienna,Tucker,2020-04-24
46,George,Williams,2020-05-04
47,Emma,West,2020-05-24
48,Martin,Bailey,2020-09-13
49,Jared,Stevens,2020-03-20
50,Chelsea,Roberts,2020-04-05
51,Aston,Barnes,2020-04-14
52,Jack,Kelly,2020-07-15
53,Cadie,Martin,2020-09-12
54,Frederick,Craig,2020-05-12
55,Lucas,Davis,2020-07-01
56,Andrew,Carroll,2020-03-20
57,Edward,Brown,2020-07-18
58,Haris,Morris,2020-09-12
59,Sabrina,Armstrong,2020-06-06
60,Eleanor,Craig,2020-07-16
61,Oliver,Kelley,2020-03-14
62,Alexander,Cunningham,2020-03-05
63,Kevin,Elliott,2020-06-28
64,Daniel,Crawford,2020-05-09
65,Julian,Carter,2020-08-20
66,Daisy,Hall,2020-06-23
67,Myra,Evans,2020-07-05
68,Garry,Morris,2020-07-28
69,Elise,Andrews,2020-06-16
70,Frederick,Clark,2020-03-20
71,Frederick,Stevens,2020-06-19
72,Daryl,Spencer,2020-03-07
73,Lily,Murphy,2020-05-09
74,Kevin,Davis,2020-04-28
75,Patrick,Walker,2020-05-21
76,Tyler,Rogers,2020-03-26
77,Clark,Kelly,2020-03-16
78,Annabella,Baker,2020-08-05
79,Evelyn,Douglas,2020-04-07
80,Kimberly,Johnson,2020-08-03
81,Chloe,Foster,2020-06-07
82,Sofia,Miller,2020-05-12
83,Jared,Russell,2020-05-29
84,Thomas,Morrison,2020-07-13
85,Michelle,Wells,2020-06-14
86,Spike,Morrison,2020-04-26
87,Lenny,Miller,2020-08-19
88,Emma,Tucker,2020-07-03
89,Dominik,Watson,2020-07-18
90,Lucas,Hawkins,2020-03-31
91,Blake,Baker,2020-06-21
92,Justin,Lloyd,2020-06-22
93,Chloe,Alexander,2020-07-28
94,Garry,Hill,2020-05-23
95,Andrew,Riley,2020-05-01
96,David,Roberts,2020-03-16
97,Brooke,Mason,2020-03-25
98,Evelyn,Carroll,2020-05-28
99,Reid,Cameron,2020-09-15
100,Justin,Carter,2020-08-12
